	summarized	lineages	abundances	resid	coverage
reads0.tsv	[('Other', 0.9999999999939065)]	MPX-Ia MPX-I	0.50000000 0.50000000	2.128712557784681e-11	3.1788610053293715
reads1.tsv	[('Other', 1.0000000002619418)]	MPX-Ib MPX-Ia	0.90000000 0.10000000	3.3600494347797936	4.249806043334736
reads2.tsv	[('Other', 1.000000000107819)]	MPX-Ib MPX-Ia	0.70000000 0.30000000	2.9079768359077733	4.254369729576236
reads3.tsv	[('Other', 1.0000000001732552)]	MPX-Ia MPX-Ib	0.60000000 0.40000000	2.1513852024761286	4.253862653327181
reads4.tsv	[('Other', 0.999999999742153)]	MPX-Ia MPX-Ib	0.90000000 0.10000000	1.3858278677662783	4.237129137108347
